{
    "var": "DirU",
    "fun": {
        "0": "weibull_max"
    },
    "non_stat_analysis": true,
    "circular": true,
    "basis_period": [
        1
    ],
    "basis_function": {
        "method": "trigonometric",
        "noterms": 8,
        "order": 8,
        "periods": [
            1.0,
            0.5,
            0.3333333333333333,
            0.25,
            0.2,
            0.16666666666666666,
            0.14285714285714285,
            0.125
        ]
    },
    "no_param": {
        "0": 3
    },
    "scipy": {
        "0": true
    },
    "reduction": false,
    "no_tot_param": 3,
    "transform": {
        "make": false,
        "plot": false
    },
    "no_fun": 1,
    "par": [
        1.9754320177534412,
        0.010843527283373044,
        -0.06356482080672243,
        0.00222210590460981,
        0.006803477784064808,
        -0.08486626617153922,
        0.07497672358373675,
        -0.004076343317973996,
        -0.0900447436253587,
        0.1369388382057776,
        0.049517588413767515,
        0.08710073906606161,
        -0.02454222963340224,
        0.033371874424471974,
        0.15114894087231226,
        -0.19287348161182719,
        -0.018834945261142832,
        4.923099549946516,
        -0.017686837073446753,
        -0.013760723925814962,
        -0.03179851030628637,
        -0.021170249907963574,
        -0.01513689750797149,
        0.015217544109682679,
        -0.003474194466976263,
        -0.0049654683568072875,
        0.007833157113113168,
        0.008712473325082898,
        0.002697832980417284,
        -0.003576541940820156,
        0.004730657078204375,
        0.00445109143255589,
        -0.01289340580995659,
        -0.0025127703835327838,
        0.18753234738306793,
        -0.036970313593972605,
        -0.045030882207013775,
        -0.02266236417513246,
        -0.004275694873953259,
        -0.017109327660126638,
        0.019713309418037034,
        0.0006909769365130062,
        -0.007343050727007407,
        0.010903691311703195,
        0.010466473937704964,
        0.0033098285949566563,
        -0.005882719892192775,
        0.004358693993551938,
        0.002475243303908936,
        -0.01321028350890391,
        -0.003257253769405789
    ],
    "mode": [
        8
    ],
    "optimization": {
        "method": "SLSQP",
        "eps": 1e-07,
        "maxiter": 100.0,
        "ftol": 0.0001,
        "giter": 10,
        "bounds": 0.5
    },
    "constraints": false,
    "piecewise": false,
    "ws_ps": [],
    "guess": false,
    "bic": false,
    "fix_percentiles": false,
    "range": 1.1713793352698212,
    "minimax": [
        0,
        6.283185307179586
    ],
    "all": [
        [
            "(2,)",
            -20672.187627315387,
            [
                2.164203342196984,
                0.07713876707594032,
                0.021976290951053277,
                -0.02438610784058127,
                -0.18243069299235576,
                4.941608568854724,
                -0.011171460650937938,
                -0.003441657599001088,
                -0.0388918053282605,
                -0.03595945102427677,
                0.20864921167080264,
                -0.030250603182829135,
                -0.03314600928483521,
                -0.030046921447907098,
                -0.020060443715404965
            ]
        ],
        [
            "(3,)",
            -21108.76081961686,
            [
                2.040798318860213,
                -0.03553756102948884,
                -0.14503841900509096,
                -0.0037685671643511273,
                -0.026609316380406645,
                -0.024934126222700883,
                0.16250758012265973,
                4.931082725576472,
                -0.020643645128499227,
                -0.021200359080407044,
                -0.03650733216549196,
                -0.02272903402536279,
                -0.011356036180135174,
                0.023887044403650515,
                0.19686941682435194,
                -0.040050781624067174,
                -0.05302094499093374,
                -0.027184758691529348,
                -0.005873759723390776,
                -0.012170438841461441,
                0.02763203171186395
            ]
        ],
        [
            "(4,)",
            -21101.67851265219,
            [
                2.0095026219600554,
                0.029980624391378677,
                -0.10008675982531387,
                -0.02124208552622585,
                -0.034093877866189684,
                0.003600891446062816,
                0.152335393226849,
                -0.08675304895483123,
                -0.05587274389463157,
                4.927661422872379,
                -0.01453260142138834,
                -0.015889646615074242,
                -0.03669653875626449,
                -0.022961471108458194,
                -0.008457133463379752,
                0.021484477441286797,
                -0.009449217929242922,
                -0.0026591688370386506,
                0.19293088819225293,
                -0.03346015726137058,
                -0.047430305959957036,
                -0.02827147117054764,
                -0.005967171268000292,
                -0.009391782613688442,
                0.026778772271130007,
                -0.005662552911639405,
                -0.005921508983747615
            ]
        ],
        [
            "(5,)",
            -21113.41697515079,
            [
                1.991869790350439,
                0.018837052945986407,
                -0.09429383580516604,
                -0.017235204144042976,
                -0.05577706850436726,
                0.010718657372091838,
                0.15130470012651323,
                -0.05303533642199066,
                -0.006961528863008147,
                0.09396936114961237,
                -0.03319199700550934,
                4.925863715171795,
                -0.015622750070877565,
                -0.015743791716612682,
                -0.03637208147709519,
                -0.024792293778192684,
                -0.00815628118638026,
                0.021425123640071837,
                -0.006783009980182096,
                0.001397601537368139,
                0.005135688303863305,
                0.000791265270463816,
                0.1908871713287636,
                -0.03464969796618135,
                -0.04720071513931801,
                -0.0279017010069248,
                -0.0082198406837367,
                -0.009275419403550447,
                0.0267501520305839,
                -0.0028146261014623765,
                -0.0009203282910612716,
                0.007472765734872981,
                0.00012358160200582634
            ]
        ],
        [
            "(6,)",
            -21128.985130617104,
            [
                1.9842476172208456,
                0.031674568690709524,
                -0.06428050743405928,
                0.005715046582622269,
                -0.04631029944614368,
                0.051695076333952636,
                0.14858858942081013,
                -0.04400048343436148,
                -0.024336464420658493,
                0.15161425616539254,
                -0.0027289521524057514,
                0.15249564463528606,
                0.03909046698807988,
                4.924199276912548,
                -0.01571846563584597,
                -0.012731088552794449,
                -0.03381535894659791,
                -0.02420081467670954,
                -0.005050052343668423,
                0.02034495565023554,
                -0.007315568811636796,
                6.1405517050044585e-06,
                0.009180586775259235,
                0.0033200081921433825,
                0.007158816577145655,
                0.0023180215431366715,
                0.18893935402590722,
                -0.03489075079104817,
                -0.04404135432922801,
                -0.02499232514630833,
