{
    "var": "pr",
    "non_stat_analysis": true,
    "basis_function": {
        "method": "trigonometric",
        "no_terms": 7,
        "periods": [
            1.0,
            0.5,
            0.3333333333333333,
            0.25,
            0.2,
            0.16666666666666666,
            0.14285714285714285
        ],
        "order": 7
    },
    "fun": {
        "0": "norm"
    },
    "transform": {
        "make": true,
        "plot": false,
        "method": "box-cox",
        "lambda": 0.0005772261962525381,
        "min": 0.013213682684716637
    },
    "no_param": {
        "0": 2
    },
    "scipy": {
        "0": true
    },
    "reduction": false,
    "no_tot_param": 2,
    "no_fun": 1,
    "basis_period": [
        1
    ],
    "par": [
        1.7061344408231187,
        -0.14719415668629973,
        -0.46092755940150504,
        -0.4968905423933778,
        0.704607882292891,
        -0.04735554007219204,
        -0.39678647431832426,
        -0.20276939522686774,
        0.10921147456274144,
        0.11025477155278517,
        0.01931101515363325,
        -0.15584336221684308,
        0.3777827408419488,
        0.14024784576020657,
        -0.36007253699301456,
        0.7786082095589045,
        -0.3292548819844486,
        0.003239021470906549,
        0.10791592565447272,
        -0.011989113804816494,
        -0.05064938386602863,
        0.2744656082798553,
        0.04712979831961125,
        -0.033076521367655216,
        -0.2920308491613565,
        -0.1948183980887502,
        0.39642725241092186,
        -0.12067444219993888,
        -0.12061535917962231,
        0.285286412132527
    ],
    "mode": [
        7
    ],
    "optimization": {
        "method": "SLSQP",
        "eps": 1e-07,
        "maxiter": 100.0,
        "ftol": 0.0001,
        "giter": 10,
        "bounds": 0.5
    },
    "constraints": false,
    "piecewise": false,
    "ws_ps": [],
    "circular": false,
    "guess": false,
    "bic": false,
    "fix_percentiles": false,
    "folder_name": "marginalfit/",
    "range": 3.970326160851624,
    "minimax": [
        0.01,
        4.97540770106453
    ],
    "all": [
        [
            "(2,)",
            779.4649047076928,
            [
                1.6841890295930895,
                -0.49999330474101245,
                -0.4999976847334947,
                -0.16984635578666116,
                0.5000055469855653,
                0.8053017482727983,
                -0.056991854074422074,
                -0.07467366408518523,
                -0.1878313980086177,
                0.0867153640779534
            ]
        ],
        [
            "(3,)",
            20000000079.852955,
            [
                1.6841890295930895,
                -0.49999330474101245,
                -0.4999976847334947,
                -0.16984635578666116,
                0.5000055469855653,
                4.6707239722329435e-06,
                4.051548606957927e-06,
                0.8053017482727983,
                -0.056991854074422074,
                -0.07467366408518523,
                -0.1878313980086177,
                0.0867153640779534,
                4.6707239722329435e-06,
                4.051548606957927e-06
            ]
        ],
        [
            "(4,)",
            20000000102.668083,
            [
                1.6841890295930895,
                -0.49999330474101245,
                -0.4999976847334947,
                -0.16984635578666116,
                0.5000055469855653,
                4.6707239722329435e-06,
                4.051548606957927e-06,
                7.249816650619479e-06,
                4.894194867400138e-06,
                0.8053017482727983,
                -0.056991854074422074,
                -0.07467366408518523,
                -0.1878313980086177,
                0.0867153640779534,
                4.6707239722329435e-06,
                4.051548606957927e-06,
                7.249816650619479e-06,
                4.894194867400138e-06
            ]
        ],
        [
            "(5,)",
            20000000125.483215,
            [
                1.6841890295930895,
                -0.49999330474101245,
                -0.4999976847334947,
                -0.16984635578666116,
                0.5000055469855653,
                4.6707239722329435e-06,
                4.051548606957927e-06,
                7.249816650619479e-06,
                4.894194867400138e-06,
                8.971878933783842e-06,
                2.8990023410137592e-06,
                0.8053017482727983,
                -0.056991854074422074,
                -0.07467366408518523,
                -0.1878313980086177,
                0.0867153640779534,
                4.6707239722329435e-06,
                4.051548606957927e-06,
                7.249816650619479e-06,
                4.894194867400138e-06,
                8.971878933783842e-06,
                2.8990023410137592e-06
            ]
        ],
        [
            "(6,)",
            20000000148.298344,
            [
                1.6841890295930895,
                -0.49999330474101245,
                -0.4999976847334947,
                -0.16984635578666116,
                0.5000055469855653,
                4.6707239722329435e-06,
                4.051548606957927e-06,
                7.249816650619479e-06,
                4.894194867400138e-06,
                8.971878933783842e-06,
                2.8990023410137592e-06,
                7.826333074260671e-06,
                6.5568156600336044e-06,
                0.8053017482727983,
                -0.056991854074422074,
                -0.07467366408518523,
                -0.1878313980086177,
                0.0867153640779534,
                4.6707239722329435e-06,
                4.051548606957927e-06,
                7.249816650619479e-06,
                4.894194867400138e-06,
                8.971878933783842e-06,
                2.8990023410137592e-06,
                7.826333074260671e-06,
                6.5568156600336044e-06
            ]
        ],
        [
            "(7,)",
            738.266720922426,
            [
                1.7061344408231187,
                -0.14719415668629973,
                -0.46092755940150504,
                -0.4968905423933778,
                0.704607882292891,
                -0.04735554007219204,
                -0.39678647431832426,
                -0.20276939522686774,
                0.10921147456274144,
                0.11025477155278517,
                0.01931101515363325,
                -0.15584336221684308,
                0.3777827408419488,
                0.14024784576020657,
                -0.36007253699301456,
                0.7786082095589045,
                -0.3292548819844486,
                0.003239021470906549,
                0.10791592565447272,
                -0.011989113804816494,
                -0.05064938386602863,
                0.2744656082798553,
                0.04712979831961125,
                -0.033076521367655216,
                -0.2920308491613565,
                -0.1948183980887502,
                0.39642725241092186,
                -0.12067444219993888,
                -0.12061535917962231,
                0.285286412132527
            ]
        ]
    ],
    "status": "Distribution models fitted succesfully",
    "file_name": "marginalfit/pr_norm_nonst_1_trigonometric_7_SLSQP"
}