{
    "var": "pr",
    "non_stat_analysis": true,
    "basis_function": {
        "method": "trigonometric",
        "no_terms": 5,
        "periods": [
            1.0,
            0.5,
            0.3333333333333333,
            0.25,
            0.2
        ],
        "order": 5
    },
    "fun": {
        "0": "norm"
    },
    "transform": {
        "make": true,
        "plot": false,
        "method": "box-cox",
        "lambda": 0.0005772261962525381,
        "min": 0.013213682684716637
    },
    "no_param": {
        "0": 2
    },
    "scipy": {
        "0": true
    },
    "reduction": false,
    "no_tot_param": 2,
    "no_fun": 1,
    "basis_period": [
        1
    ],
    "par": [
        1.8136140364223536,
        -0.5231409910018098,
        -0.3780854625525695,
        -0.1792836580350898,
        0.3235844106774229,
        -0.032318889592566985,
        -0.2499801513498536,
        -0.1667691315930534,
        0.3300039438921773,
        -0.16916012125349347,
        -0.09145504163271946,
        0.7913888592609765,
        -0.11156543571832868,
        0.17268790736558604,
        -0.18160822719265274,
        0.19644248377294057,
        0.0950455804392573,
        -0.06856569872598062,
        0.2951018996582037,
        -0.2585333432285243,
        -0.29344670741823553,
        0.039441412329256874
    ],
    "mode": [
        5
    ],
    "optimization": {
        "method": "SLSQP",
        "eps": 1e-07,
        "maxiter": 100.0,
        "ftol": 0.0001,
        "giter": 10,
        "bounds": 0.5
    },
    "constraints": false,
    "piecewise": false,
    "ws_ps": [],
    "circular": false,
    "guess": false,
    "bic": false,
    "fix_percentiles": false,
    "folder_name": "marginalfit/",
    "range": 3.970326160851624,
    "minimax": [
        0.01,
        4.97540770106453
    ],
    "all": [
        [
            "(2,)",
            20000000057.037827,
            [
                1.8278957775752083,
                -0.4999957957717383,
                -0.4999916598593826,
                5.802809066532189e-06,
                6.20120164810023e-08,
                0.926265616140561,
                -0.18458647090587088,
                -0.041784113921764586,
                5.802809066532189e-06,
                6.20120164810023e-08
            ]
        ],
        [
            "(3,)",
            20000000079.852955,
            [
                1.8278957775752083,
                -0.4999957957717383,
                -0.4999916598593826,
                5.802809066532189e-06,
                6.20120164810023e-08,
                4.559796441667593e-06,
                2.253972054504887e-06,
                0.926265616140561,
                -0.18458647090587088,
                -0.041784113921764586,
                5.802809066532189e-06,
                6.20120164810023e-08,
                4.559796441667593e-06,
                2.253972054504887e-06
            ]
        ],
        [
            "(4,)",
            20000000102.668083,
            [
                1.8278957775752083,
                -0.4999957957717383,
                -0.4999916598593826,
                5.802809066532189e-06,
                6.20120164810023e-08,
                4.559796441667593e-06,
                2.253972054504887e-06,
                9.539606673164269e-06,
                3.770154650976645e-06,
                0.926265616140561,
                -0.18458647090587088,
                -0.041784113921764586,
                5.802809066532189e-06,
                6.20120164810023e-08,
                4.559796441667593e-06,
                2.253972054504887e-06,
                9.539606673164269e-06,
                3.770154650976645e-06
            ]
        ],
        [
            "(5,)",
            743.3334483863924,
            [
                1.8136140364223536,
                -0.5231409910018098,
                -0.3780854625525695,
                -0.1792836580350898,
                0.3235844106774229,
                -0.032318889592566985,
                -0.2499801513498536,
                -0.1667691315930534,
                0.3300039438921773,
                -0.16916012125349347,
                -0.09145504163271946,
                0.7913888592609765,
                -0.11156543571832868,
                0.17268790736558604,
                -0.18160822719265274,
                0.19644248377294057,
                0.0950455804392573,
                -0.06856569872598062,
                0.2951018996582037,
                -0.2585333432285243,
                -0.29344670741823553,
                0.039441412329256874
            ]
        ]
    ],
    "status": "Distribution models fitted succesfully",
    "file_name": "marginalfit/pr_norm_nonst_1_trigonometric_5_SLSQP"
}