{
    "var": "pr",
    "non_stat_analysis": true,
    "basis_function": {
        "method": "trigonometric",
        "no_terms": 5,
        "periods": [
            1.0,
            0.5,
            0.3333333333333333,
            0.25,
            0.2
        ],
        "order": 5
    },
    "fun": {
        "0": "weibull_max"
    },
    "transform": {
        "make": true,
        "plot": false,
        "method": "box-cox",
        "lambda": 0.0005772261962525381,
        "min": 0.013213682684716637
    },
    "no_param": {
        "0": 3
    },
    "scipy": {
        "0": true
    },
    "reduction": false,
    "no_tot_param": 3,
    "no_fun": 1,
    "basis_period": [
        1
    ],
    "par": [
        0.9659036181958041,
        -0.00026601283677429107,
        -0.0002604857231095405,
        -0.00013009726171722542,
        -0.0001264954397806415,
        3.9800486742365995,
        -0.00026601283677429107,
        -0.0002604857231095405,
        -0.00013009726171722542,
        -0.00012749543978064152,
        1.8716907386623898,
        -0.00026601283677429107,
        -0.0002604857231095405,
        -0.00013009726171722542,
        -0.00012749543978064152
    ],
    "mode": [
        2
    ],
    "optimization": {
        "method": "SLSQP",
        "eps": 1e-07,
        "maxiter": 100.0,
        "ftol": 0.0001,
        "giter": 10,
        "bounds": 0.5
    },
    "constraints": false,
    "piecewise": false,
    "ws_ps": [],
    "circular": false,
    "guess": false,
    "bic": false,
    "fix_percentiles": false,
    "folder_name": "marginalfit/",
    "range": 3.970326160851624,
    "minimax": [
        0.01,
        4.97540770106453
    ],
    "all": [
        [
            "(2,)",
            1106.52943912018,
            [
                0.9659036181958041,
                -0.00026601283677429107,
                -0.0002604857231095405,
                -0.00013009726171722542,
                -0.0001264954397806415,
                3.9800486742365995,
                -0.00026601283677429107,
                -0.0002604857231095405,
                -0.00013009726171722542,
                -0.00012749543978064152,
                1.8716907386623898,
                -0.00026601283677429107,
                -0.0002604857231095405,
                -0.00013009726171722542,
                -0.00012749543978064152
            ]
        ],
        [
            "(3,)",
            20000000119.77943,
            [
                0.9659036181958041,
                -0.00026601283677429107,
                -0.0002604857231095405,
                -0.00013009726171722542,
                -0.0001264954397806415,
                8.663052049998956e-06,
                4.5306550871731e-06,
                3.9800486742365995,
                -0.00026601283677429107,
                -0.0002604857231095405,
                -0.00013009726171722542,
                -0.00012749543978064152,
                8.663052049998956e-06,
                4.5306550871731e-06,
                1.8716907386623898,
                -0.00026601283677429107,
                -0.0002604857231095405,
                -0.00013009726171722542,
                -0.00012749543978064152,
                8.663052049998956e-06,
                4.5306550871731e-06
            ]
        ],
        [
            "(4,)",
            20000000154.00213,
            [
                0.9659036181958041,
                -0.00026601283677429107,
                -0.0002604857231095405,
                -0.00013009726171722542,
                -0.0001264954397806415,
                8.663052049998956e-06,
                4.5306550871731e-06,
                9.48523100058999e-06,
                6.682105558089304e-06,
                3.9800486742365995,
                -0.00026601283677429107,
                -0.0002604857231095405,
                -0.00013009726171722542,
                -0.00012749543978064152,
                8.663052049998956e-06,
                4.5306550871731e-06,
                9.48523100058999e-06,
                6.682105558089304e-06,
                1.8716907386623898,
                -0.00026601283677429107,
                -0.0002604857231095405,
                -0.00013009726171722542,
                -0.00012749543978064152,
                8.663052049998956e-06,
                4.5306550871731e-06,
                9.48523100058999e-06,
                6.682105558089304e-06
            ]
        ],
        [
            "(5,)",
            20000000188.224823,
            [
                0.9659036181958041,
                -0.00026601283677429107,
                -0.0002604857231095405,
                -0.00013009726171722542,
                -0.0001264954397806415,
                8.663052049998956e-06,
                4.5306550871731e-06,
                9.48523100058999e-06,
                6.682105558089304e-06,
                6.978235815742739e-06,
                4.5738537268266445e-06,
                3.9800486742365995,
                -0.00026601283677429107,
                -0.0002604857231095405,
                -0.00013009726171722542,
                -0.00012749543978064152,
                8.663052049998956e-06,
                4.5306550871731e-06,
                9.48523100058999e-06,
                6.682105558089304e-06,
                6.978235815742739e-06,
                4.5738537268266445e-06,
                1.8716907386623898,
                -0.00026601283677429107,
                -0.0002604857231095405,
                -0.00013009726171722542,
                -0.00012749543978064152,
                8.663052049998956e-06,
                4.5306550871731e-06,
                9.48523100058999e-06,
                6.682105558089304e-06,
                6.978235815742739e-06,
                4.5738537268266445e-06
            ]
        ]
    ],
    "status": "Distribution models fitted succesfully",
    "file_name": "marginalfit/pr_weibull_max_nonst_1_trigonometric_5_SLSQP"
}