{
    "var": "Qd",
    "fun": {
        "0": "norm"
    },
    "non_stat_analysis": true,
    "basis_function": {
        "method": "sinusoidal",
        "no_terms": 10,
        "periods": [
            1.0,
            0.5,
            0.3333333333333333,
            0.25,
            0.2,
            0.16666666666666666,
            0.14285714285714285,
            0.125,
            0.1111111111111111,
            0.1
        ],
        "order": 10
    },
    "transform": {
        "make": true,
        "plot": false,
        "method": "box-cox",
        "lambda": 0.11381047107392338,
        "min": -6.720294567249794
    },
    "no_param": {
        "0": 2
    },
    "scipy": {
        "0": true
    },
    "reduction": false,
    "no_tot_param": 2,
    "no_fun": 1,
    "basis_period": [
        1
    ],
    "par": [
        2.0065357697293202,
        0.2323523886225327,
        1.0313634685776736,
        -0.7214644998226866,
        -0.3550827710110404,
        -0.20681524757176578,
        0.3045115401652165,
        0.6354189084547824,
        0.19873683821250537,
        -0.05705131714720479,
        -0.12152950769587906,
        0.18566699946828555,
        0.04709765312483213,
        -0.19538758383220678,
        0.31863399580648083,
        0.2991982968467894,
        0.17449837280702388,
        -0.0929590025722767,
        -0.07953770401023835,
        -0.1238736605260146,
        0.0621690471289595,
        0.06217616411465902
    ],
    "mode": [
        10
    ],
    "optimization": {
        "method": "SLSQP",
        "eps": 1e-07,
        "maxiter": 100.0,
        "ftol": 0.0001,
        "giter": 10,
        "bounds": 0.5
    },
    "constraints": false,
    "piecewise": false,
    "ws_ps": [],
    "circular": false,
    "guess": false,
    "bic": false,
    "fix_percentiles": false,
    "folder_name": "marginalfit/",
    "range": 20.748176124091295,
    "scale": 6.916058708030431,
    "minimax": [
        0.0014459102246180335,
        3.7518073877807727
    ],
    "all": [
        [
            "(2,)",
            13682.38304558366,
            [
                1.4665987760475132,
                0.4998708771710726,
                0.49728268185395574,
                0.6223865428148514,
                -0.4164277161540743,
                -0.41626501785200604
            ]
        ],
        [
            "(3,)",
            10923.266876632766,
            [
                1.8584102820269368,
                -0.00012912282892740823,
                0.6650265025368383,
                -0.4695998567833347,
                0.36482229574257197,
                0.07296784569919983,
                -0.09885764967339183,
                0.12717572708658645
            ]
        ],
        [
            "(4,)",
            20000000089.452023,
            [
                1.8584102820269368,
                -0.00012912282892740823,
                0.6650265025368383,
                -0.4695998567833347,
                2.480128334759966e-06,
                0.36482229574257197,
                0.07296784569919983,
                -0.09885764967339183,
                0.12717572708658645,
                2.480128334759966e-06
            ]
        ],
        [
            "(5,)",
            10959.049157737289,
            [
                1.858410273403108,
                -0.00012917282892740823,
                0.6650265171851599,
                -0.4695998984618389,
                2.530128334759966e-06,
                2.8249048394183146e-06,
                0.364822245742572,
                0.07296779569919982,
                -0.09885766141769692,
                0.12717577708658645,
                2.530128334759966e-06,
                2.8249048394183146e-06
            ]
        ],
        [
            "(6,)",
            10603.446003938745,
            [
                1.8380464305100235,
                -0.051732372968894706,
                0.675869013911744,
                -0.465060347045935,
                0.05160569405501774,
                -0.051600335034762114,
                -0.05159401099824033,
                0.3799799840227652,
                0.06162765565380065,
                -0.11281552175193234,
                0.15277429285824154,
                0.05160475069591783,
                -0.05159939688443697,
                -0.05159404161361792
            ]
        ],
        [
            "(7,)",
            8688.008648940668,
            [
                2.044949086480017,
                -0.24604748302244217,
                0.766884846287177,
                -0.44865262557743596,
                0.15433781291869364,
                -0.09568788178066936,
                -0.07894789535681279,
                0.14796397922997906,
                0.19057709334142925,
                0.06273383207402004,
                -0.36554839406420747,
                -0.08647931066109031,
                -0.0384343085433658,
                0.2247172864421948,
                0.2761367001402555,
                0.27621757682568476
            ]
        ],
        [
            "(8,)",
            20000000161.01364,
            [
                2.044949086480017,
                -0.24604748302244217,
                0.766884846287177,
                -0.44865262557743596,
                0.15433781291869364,
                -0.09568788178066936,
                -0.07894789535681279,
                0.14796397922997906,
                4.8911421683470575e-06,
                0.19057709334142925,
                0.06273383207402004,
                -0.36554839406420747,
                -0.08647931066109031,
                -0.0384343085433658,
                0.2247172864421948,
                0.2761367001402555,
                0.27621757682568476,
                4.8911421683470575e-06
            ]
        ],
        [
            "(9,)",
            8682.160930496724,
            [
                2.0264420576780897,
                0.25395251697755783,
                1.1468019348919352,
                -0.5983071848235066,
                -0.34566218708130636,
                -0.3701249056100879,
                0.14396787494317848,
                0.6479639792299791,
                0.39781089565578764,
                0.16132019184364008,
                0.1822974377239855,
                -0.13700677451730922,
                -0.38845124935827524,
                0.30427265154289207,
                0.46156569145662474,
                0.35892602482669067,
                -0.06449513732628452,
                -0.22378242317431524,
                -0.3333860884444892,
                -0.08662530425391725
            ]
        ],
        [
            "(10,)",
            8671.552931331762,
            [
                2.0065357697293202,
                0.2323523886225327,
                1.0313634685776736,
                -0.7214644998226866,
                -0.3550827710110404,
                -0.20681524757176578,
                0.3045115401652165,
                0.6354189084547824,
                0.19873683821250537,
                -0.05705131714720479,
                -0.12152950769587906,
                0.18566699946828555,
                0.04709765312483213,
                -0.19538758383220678,
                0.31863399580648083,
                0.2991982968467894,
                0.17449837280702388,
                -0.0929590025722767,
                -0.07953770401023835,
                -0.1238736605260146,
                0.0621690471289595,
                0.06217616411465902
            ]
        ]
    ],
    "status": "Distribution models fitted succesfully",
    "file_name": "marginalfit/Qd_norm_nonst_1_sinusoidal_10_SLSQP"
}