{
    "var": "Sunspots",
    "fun": {
        "0": "lognorm",
        "1": "norm"
    },
    "non_stat_analysis": true,
    "basis_function": {
        "method": "modified",
        "no_terms": 4,
        "periods": [
            1.0,
            0.5,
            0.3333333333333333,
            0.25
        ],
        "order": 4
    },
    "ws_ps": [
        0.85
    ],
    "basis_period": [
        22
    ],
    "no_param": {
        "0": 3,
        "1": 2
    },
    "scipy": {
        "0": true,
        "1": true
    },
    "reduction": false,
    "no_tot_param": 5,
    "transform": {
        "make": false,
        "plot": false
    },
    "no_fun": 2,
    "par": [
        0.6344658532789471,
        3.593014975663449e-05,
        3.446532885581949e-05,
        -0.1307833467297878,
        7.998761400996057e-06,
        6.533940500177543e-06,
        0.4497674424852112,
        4.6720069621658034e-05,
        4.5255248720837206e-05,
        0.4429988814456447,
        0.0001214082477832782,
        0.00011994342688242249,
        0.39007021807486,
        0.00014106577179926396,
        0.00013960095089848604,
        0.9977132539741607
    ],
    "mode": [
        1,
        1
    ],
    "optimization": {
        "method": "SLSQP",
        "eps": 1e-07,
        "maxiter": 100.0,
        "ftol": 0.0001,
        "giter": 10,
        "bounds": 0.5
    },
    "constraints": true,
    "piecewise": false,
    "circular": false,
    "guess": false,
    "bic": false,
    "fix_percentiles": false,
    "folder_name": "marginalfit/",
    "range": 253.8328521539332,
    "scale": 84.61095071797773,
    "minimax": [
        2.0959970070223775e-05,
        3.7500261999625883
    ],
    "all": [
        [
            "(2, 1)",
            174.7788276065075,
            [
                0.6344658532789471,
                3.593014975663449e-05,
                3.446532885581949e-05,
                8.629215898678114e-06,
                1.7543134947937024e-06,
                -0.1307833467297878,
                7.998761400996057e-06,
                6.533940500177543e-06,
                8.629215898678114e-06,
                1.7543134947937024e-06,
                0.4497674424852112,
                4.6720069621658034e-05,
                4.5255248720837206e-05,
                8.629215898678114e-06,
                1.7543134947937024e-06,
                0.4429988814456447,
                0.0001214082477832782,
                0.00011994342688242249,
                0.39007021807486,
                0.00014106577179926396,
                0.00013960095089848604,
                0.9977132539741607
            ]
        ],
        [
            "(3, 1)",
            222.44578059010044,
            [
                0.6344658532789471,
                3.593014975663449e-05,
                3.446532885581949e-05,
                8.629215898678114e-06,
                1.7543134947937024e-06,
                4.3492176886814156e-06,
                8.765351629589786e-06,
                -0.1307833467297878,
                7.998761400996057e-06,
                6.533940500177543e-06,
                8.629215898678114e-06,
                1.7543134947937024e-06,
                4.3492176886814156e-06,
                8.765351629589786e-06,
                0.4497674424852112,
                4.6720069621658034e-05,
                4.5255248720837206e-05,
                8.629215898678114e-06,
                1.7543134947937024e-06,
                4.3492176886814156e-06,
                8.765351629589786e-06,
                0.4429988814456447,
                0.0001214082477832782,
                0.00011994342688242249,
                0.39007021807486,
                0.00014106577179926396,
                0.00013960095089848604,
                0.9977132539741607
            ]
        ],
        [
            "(4, 1)",
            270.1127335736934,
            [
                0.6344658532789471,
                3.593014975663449e-05,
                3.446532885581949e-05,
                8.629215898678114e-06,
                1.7543134947937024e-06,
                4.3492176886814156e-06,
                8.765351629589786e-06,
                3.1327798677541276e-06,
                7.231096319274444e-07,
                -0.1307833467297878,
                7.998761400996057e-06,
                6.533940500177543e-06,
                8.629215898678114e-06,
                1.7543134947937024e-06,
                4.3492176886814156e-06,
                8.765351629589786e-06,
                3.1327798677541276e-06,
                7.231096319274444e-07,
                0.4497674424852112,
                4.6720069621658034e-05,
                4.5255248720837206e-05,
                8.629215898678114e-06,
                1.7543134947937024e-06,
                4.3492176886814156e-06,
                8.765351629589786e-06,
                3.1327798677541276e-06,
                7.231096319274444e-07,
                0.4429988814456447,
                0.0001214082477832782,
                0.00011994342688242249,
                0.39007021807486,
                0.00014106577179926396,
                0.00013960095089848604,
                0.9977132539741607
            ]
        ],
        [
            "(4, 2)",
            301.89070222942206,
            [
                0.6344658532789471,
                3.593014975663449e-05,
                3.446532885581949e-05,
                8.629215898678114e-06,
                1.7543134947937024e-06,
                4.3492176886814156e-06,
                8.765351629589786e-06,
                3.1327798677541276e-06,
                7.231096319274444e-07,
                -0.1307833467297878,
                7.998761400996057e-06,
                6.533940500177543e-06,
                8.629215898678114e-06,
                1.7543134947937024e-06,
                4.3492176886814156e-06,
                8.765351629589786e-06,
                3.1327798677541276e-06,
                7.231096319274444e-07,
                0.4497674424852112,
                4.6720069621658034e-05,
                4.5255248720837206e-05,
                8.629215898678114e-06,
                1.7543134947937024e-06,
                4.3492176886814156e-06,
                8.765351629589786e-06,
                3.1327798677541276e-06,
                7.231096319274444e-07,
                0.4429988814456447,
                0.0001214082477832782,
                0.00011994342688242249,
                2.563052268110372e-06,
                8.553153131094365e-06,
                0.39007021807486,
                0.00014106577179926396,
                0.00013960095089848604,
                2.563052268110372e-06,
                8.553153131094365e-06,
                0.9977132539741607
            ]
        ],
        [
            "(4, 3)",
            333.6686708851507,
            [
                0.6344658532789471,
                3.593014975663449e-05,
                3.446532885581949e-05,
                8.629215898678114e-06,
                1.7543134947937024e-06,
                4.3492176886814156e-06,
                8.765351629589786e-06,
                3.1327798677541276e-06,
                7.231096319274444e-07,
                -0.1307833467297878,
                7.998761400996057e-06,
                6.533940500177543e-06,
                8.629215898678114e-06,
                1.7543134947937024e-06,
                4.3492176886814156e-06,
                8.765351629589786e-06,
                3.1327798677541276e-06,
                7.231096319274444e-07,
                0.4497674424852112,
                4.6720069621658034e-05,
                4.5255248720837206e-05,
                8.629215898678114e-06,
                1.7543134947937024e-06,
                4.3492176886814156e-06,
                8.765351629589786e-06,
                3.1327798677541276e-06,
                7.231096319274444e-07,
