{
    "var": "U",
    "fun": {
        "0": "norm"
    },
    "non_stat_analysis": true,
    "basis_period": [
        1
    ],
    "basis_function": {
        "method": "trigonometric",
        "noterms": 8,
        "order": 8,
        "periods": [
            1.0,
            0.5,
            0.3333333333333333,
            0.25,
            0.2,
            0.16666666666666666,
            0.14285714285714285,
            0.125
        ]
    },
    "transform": {
        "make": false,
        "plot": false,
        "method": "box-cox"
    },
    "no_param": {
        "0": 2
    },
    "scipy": {
        "0": true
    },
    "reduction": false,
    "no_tot_param": 2,
    "no_fun": 1,
    "par": [
        0.5551479110825208,
        0.0038731548267285994,
        0.0353497890060692,
        0.006485481569948533,
        -0.014972079009291043,
        0.005437946337550994,
        -0.0033400517439899666,
        -0.005983628300515175,
        0.0031265660148690998,
        -0.004549633510612598,
        -0.0031631792513907324,
        0.0008421044015606763,
        0.00018882490088600063,
        0.0048374845796865865,
        0.0017882697850033758,
        0.0003442079242863532,
        -0.001454484465921638,
        0.13315408586052752,
        0.0013562633370095781,
        -0.006124392243559602,
        -0.004886428022832482,
        -0.0060801487353298435,
        -0.0021998846540212105,
        0.0026152107361833913,
        -0.0016295555131405264,
        8.837938223362369e-05,
        0.001148095793049573,
        0.00011055847324558682,
        -0.0018176547438789347,
        -0.0015300778931194533,
        0.003149447606028062,
        -0.0043545245269522356,
        0.00225655286305234,
        -0.003613088618081675
    ],
    "mode": [
        8
    ],
    "optimization": {
        "method": "SLSQP",
        "eps": 1e-07,
        "maxiter": 100.0,
        "ftol": 0.0001,
        "giter": 10,
        "bounds": 0.5
    },
    "constraints": false,
    "piecewise": false,
    "ws_ps": [],
    "circular": false,
    "guess": false,
    "bic": false,
    "fix_percentiles": false,
    "range": 0.964355671903732,
    "minimax": [
        0.05186527102897125,
        1.270276178665879
    ],
    "all": [
        [
            "(2,)",
            -11258.269191490992,
            [
                0.5551614097152896,
                0.0038771959408074566,
                0.034852909640733634,
                0.00620632919152795,
                -0.014840827586092302,
                0.13351278783706036,
                0.0013567754481978575,
                -0.005693306268248473,
                -0.004922101006402954,
                -0.005947927594979399
            ]
        ],
        [
            "(3,)",
            -11236.883358714671,
            [
                0.5551480199007462,
                0.0035703021514403425,
                0.035648456476293035,
                0.006616747153602841,
                -0.014750612036780556,
                0.0057134575656170245,
                -0.0030024217631902618,
                0.1336735056098706,
                0.001593255352696657,
                -0.005665388492413977,
                -0.004644815801563734,
                -0.0059294276815970905,
                -0.0017339485595189517,
                0.001937218744297226
            ]
        ],
        [
            "(4,)",
            -11213.850480162862,
            [
                0.5552213403200087,
                0.003693399968340105,
                0.03484826796094696,
                0.006386313475866953,
                -0.015045036669836715,
                0.005242286967230833,
                -0.0030970626024894475,
                -0.005765515411967332,
                0.003325143991037026,
                0.13339504987110679,
                0.0013770691049099885,
                -0.005889939717407601,
                -0.004908377364089458,
                -0.005987988651152943,
                -0.0019041058808478668,
                0.002447455230835885,
                -0.0011984473700506245,
                -6.556748723619582e-05
            ]
        ],
        [
            "(5,)",
            -11185.271400421077,
            [
                0.555243247673886,
                0.003799452885884556,
                0.035191339258608886,
                0.006466673674829008,
                -0.015089241538914265,
                0.005646004861274725,
                -0.0034822894967815017,
                -0.005622061874106444,
                0.0033543550658934086,
                -0.003972411138066803,
                -0.0030159680216531076,
                0.13330763189960693,
                0.0015928189568108592,
                -0.0060739747110878815,
                -0.004903162484984067,
                -0.005903516647792034,
                -0.002122585641325091,
                0.0023215577301429623,
                -0.001328085635082329,
                -6.004067460749056e-05,
                0.0013640129888705338,
                -8.295721207733251e-05
            ]
        ],
        [
            "(6,)",
            -11152.566480994512,
            [
                0.5551458768408319,
                0.003929995105598967,
                0.03521255913147405,
                0.006397826867848396,
                -0.015065632737969199,
                0.005667756039859359,
                -0.0033509051729872603,
                -0.005849121625298962,
                0.003288472346855315,
                -0.004040145805625571,
                -0.003113466281650894,
                0.0007798333749352187,
                0.0002807410688355531,
                0.1332863253709899,
                0.0014340147239844429,
                -0.006140176949624863,
                -0.0048893640534581504,
                -0.006030409615919373,
                -0.002015173763246629,
                0.0023022986560691577,
                -0.0012319531536728937,
                -7.075106652088768e-05,
                0.0014501914909794808,
                -0.00022221024222894377,
                -0.0019342290988755314,
                -0.0017956360852717922
            ]
        ],
        [
            "(7,)",
            -11138.24016279905,
            [
                0.555242256236772,
                0.003982343587656117,
                0.035072185631309816,
                0.006536621453883713,
                -0.01518461004972736,
                0.0055949111243051314,
                -0.0034750694230839857,
                -0.006210108726265622,
                0.003461425264519441,
                -0.004481834102929881,
                -0.0033346839243123495,
                0.0009744779600275385,
                0.00019966790453876824,
                0.0051212858268811215,
                0.0014675358174374795,
                0.13314526318179132,
                0.0010247252111429304,
                -0.006118925338317444,
                -0.004804821215508758,
                -0.006204141539860306,
                -0.0019685955403427676,
                0.002472110578740711,
                -0.0017425134053699598,
                -4.2067392391643784e-05,
                0.0012863628994128093,
                0.00036810830795684136,
                -0.0019456378107198437,
                -0.0018405221157075046,
                0.003017032806522593,
                -0.0046105834331117675
            ]
        ],
        [
            "(8,)",
            -11112.338745475334,
            [
                0.5551479110825208,
                0.0038731548267285994,
                0.0353497890060692,
                0.006485481569948533,
                -0.014972079009291043,
                0.005437946337550994,
                -0.0033400517439899666,
                -0.005983628300515175,
                0.0031265660148690998,
                -0.004549633510612598,
                -0.0031631792513907324,
