{
    "var": "Wv",
    "fun": {
        "0": "genpareto",
        "1": "lognorm",
        "2": "genpareto"
    },
    "non_stat_analysis": true,
    "basis_function": {
        "method": "trigonometric",
        "noterms": 4,
        "order": 4,
        "periods": [
            1.0,
            0.5,
            0.3333333333333333,
            0.25
        ]
    },
    "ws_ps": [
        0.05,
        0.96
    ],
    "piecewiese": false,
    "no_param": {
        "0": 3,
        "1": 1
    },
    "scipy": {},
    "reduction": true,
    "no_tot_param": 4,
    "transform": {
        "make": false,
        "plot": false
    },
    "no_fun": 2,
    "basis_period": [
        1
    ],
    "par": [
        0.1458681872755522,
        0.10166321464588823,
        0.014101694890969779,
        -0.002941682278859768,
        0.0003319766512162437,
        0.0034644730439525517,
        0.01584641126277712,
        0.0024588420156836494,
        0.011430415095751574,
        -2.1258792715588375,
        1.9034435813457042,
        0.1821044520092903,
        -0.8165530026554844,
        -0.27543882205410003,
        0.41175430944845365,
        0.3695139217311275,
        -0.11187213845120765,
        -0.04891302365624729,
        2.8977895141406886,
        -1.851800486485872,
        -0.12622967542842842,
        0.8446492770467244,
        0.2567484439138291,
        -0.4080602207295276,
        -0.38538337329534983,
        0.10617866143100606,
        0.04754333854748254,
        -0.049418274634111546,
        -0.09933469847594534,
        -0.10291214708010699,
        0.0018893010475323092,
        -0.0056428095912840525,
        0.0008970472411194831,
        0.0009036654515401353,
        9.443649150592045e-05,
        -0.0014275838062041324,
        -1.0790946118664102,
        2.172821633438471
    ],
    "mode": [
        4,
        4
    ],
    "optimization": {
        "method": "SLSQP",
        "eps": 1e-07,
        "maxiter": 100.0,
        "ftol": 0.0001,
        "giter": 10,
        "bounds": 0.5
    },
    "constraints": false,
    "piecewise": false,
    "circular": false,
    "guess": false,
    "bic": false,
    "fix_percentiles": false,
    "range": 19.99211887921659,
    "scale": 6.66403962640553,
    "minimax": [
        0.048998714811366806,
        3.8112483935142087
    ],
    "all": [
        [
            "(2, 1)",
            66877.34025105198,
            [
                0.1500449278716129,
                0.08412455709188049,
                0.026866461752478508,
                0.009240471066305095,
                0.000652028993489602,
                -1.640673373281124,
                0.9057651055176189,
                0.2933206991673208,
                -0.014718658215071479,
                -0.10680951820427759,
                2.4124584105288296,
                -0.8523052721003395,
                -0.2396240742675966,
                0.042250043595407856,
                0.09202482916760381,
                -0.050276672828160535,
                -0.07158792997118645,
                -0.11310691890689666,
                -0.9852246904656339,
                2.0829148408727094
            ]
        ],
        [
            "(3, 1)",
            66671.84803830994,
            [
                0.14661104776091802,
                0.09330825481914438,
                0.025008769854895994,
                -0.002347223433130851,
                -0.0072929022955947045,
                -0.004650878897013305,
                -0.007221628966591157,
                -1.8964379532938047,
                1.4051972926069005,
                0.3591480439168246,
                -0.37708018133470267,
                -0.2868698415636313,
                0.04698310814435977,
                0.011088737193600687,
                2.668321713003611,
                -1.3523052721002944,
                -0.3050067769636173,
                0.40582719482754437,
                0.2694681611558361,
                -0.04081654866624974,
                -0.023959223373466024,
                -0.04169832383530565,
                -0.08105769071400856,
                -0.10640499076255494,
                -1.0323582591174845,
                2.131577230552095
            ]
        ],
        [
            "(4, 1)",
            66610.30460097894,
            [
                0.14589080439975902,
                0.10174800196535905,
                0.014151670065484167,
                -0.0028268537977315005,
                0.0004408498037604024,
                0.003565221191387788,
                0.0159854870615201,
                0.0024760309099205176,
                0.011495647345121728,
                -2.1257490899267433,
                1.9039402683921545,
                0.18265485260776546,
                -0.8153772480206541,
                -0.2742560207986073,
                0.4123150303982098,
                0.37073461404909447,
                -0.11189866346985115,
                -0.04841432429293865,
                2.897605489095584,
                -1.8523052721002944,
                -0.12683412038210304,
                0.8434138167999234,
                0.25552318406741487,
                -0.40866431139639753,
                -0.38665569613143286,
                0.10625389625677499,
                0.047051485656304216,
                -0.04817933763815169,
                -0.10088016168839682,
                -0.10441017592276326,
                -1.080009074419463,
                2.1720889835622286
            ]
        ],
        [
            "(4, 2)",
            66633.09424823143,
            [
                0.14586384086977175,
                0.10171831952873762,
                0.014139081329561272,
                -0.002874520113608415,
                0.000392981508184269,
                0.003557963108888281,
                0.01595259206568578,
                0.0024760336484153118,
                0.011452492824577328,
                -2.125794454093755,
                1.9034501599243618,
                0.18236109406250414,
                -0.8158890303278726,
                -0.2746810683102455,
                0.4120992667683116,
                0.37020764946826024,
                -0.11195182044570347,
                -0.04869628722533569,
                2.8976199633448037,
                -1.8519013317352313,
                -0.12656193110257388,
                0.8439428503367945,
                0.2559937312767512,
                -0.40847794372644547,
                -0.38612428595482845,
                0.10624541771079245,
                0.047281830992384956,
                -0.04827645900562403,
                -0.10023044355026806,
                -0.10368527906251658,
                0.0009935560396042416,
                -0.0025580313802215904,
                -1.0794437710371623,
                2.1723880912756015
            ]
        ],
        [
            "(4, 3)",
            66656.01025101282,
            [
                0.14587027654147833,
                0.10167921661584677,
                0.01407101420310139,
                -0.0029093876754213983,
                0.00035502351631875836,
                0.003472775204626323,
                0.015922905616784392,
                0.0024483018374911536,
                0.01148584081195233,
                -2.125882902137152,
                1.9034949116501212,
                0.18212583901090829,
                -0.8162443694528952,
                -0.27504268339014143,
                0.4118615544961334,
                0.36986188531792674,
                -0.11190376706873449,
                -0.04874443157673914,
                2.897759987089392,
                -1.85180700285623,
                -0.12630828145922565,
                0.844321053334762,
                0.25637193427476634,
                -0.40825788127103463,
                -0.3856724102144434,
                0.10623491728833079,
